ip_address,comment,subnet,in_use
10.0.0.0,,10.0.0.0/24,False
10.0.0.1,,10.0.0.0/24,False
10.0.0.2,,10.0.0.0/24,False
10.0.0.3,,10.0.0.0/24,False
10.0.0.4,,10.0.0.0/24,False
10.0.0.5,,10.0.0.0/24,False
10.0.0.6,,10.0.0.0/24,False
10.0.0.7,,10.0.0.0/24,False
10.0.0.8,,10.0.0.0/24,False
10.0.0.9,,10.0.0.0/24,False
10.0.0.10,,10.0.0.0/24,False
10.0.0.11,,10.0.0.0/24,False
10.0.0.12,,10.0.0.0/24,False
10.0.0.13,,10.0.0.0/24,False
10.0.0.14,,10.0.0.0/24,False
10.0.0.15,,10.0.0.0/24,False
10.0.0.16,,10.0.0.0/24,False
10.0.0.17,,10.0.0.0/24,False
10.0.0.18,,10.0.0.0/24,False
10.0.0.19,,10.0.0.0/24,False
10.0.0.20,,10.0.0.0/24,False
10.0.0.21,,10.0.0.0/24,False
10.0.0.22,,10.0.0.0/24,False
10.0.0.23,,10.0.0.0/24,False
10.0.0.24,,10.0.0.0/24,False
10.0.0.25,,10.0.0.0/24,False
10.0.0.26,,10.0.0.0/24,False
10.0.0.27,,10.0.0.0/24,False
10.0.0.28,,10.0.0.0/24,False
10.0.0.29,,10.0.0.0/24,False
10.0.0.30,,10.0.0.0/24,False
10.0.0.31,,10.0.0.0/24,False
10.0.0.32,,10.0.0.0/24,False
10.0.0.33,,10.0.0.0/24,False
10.0.0.34,,10.0.0.0/24,False
10.0.0.35,,10.0.0.0/24,False
10.0.0.36,,10.0.0.0/24,False
10.0.0.37,,10.0.0.0/24,False
10.0.0.38,,10.0.0.0/24,False
10.0.0.39,,10.0.0.0/24,False
10.0.0.40,,10.0.0.0/24,False
10.0.0.41,,10.0.0.0/24,False
10.0.0.42,,10.0.0.0/24,False
10.0.0.43,,10.0.0.0/24,False
10.0.0.44,,10.0.0.0/24,False
10.0.0.45,,10.0.0.0/24,False
10.0.0.46,,10.0.0.0/24,False
10.0.0.47,,10.0.0.0/24,False
10.0.0.48,,10.0.0.0/24,False
10.0.0.49,,10.0.0.0/24,False
10.0.0.50,,10.0.0.0/24,False
10.0.0.51,,10.0.0.0/24,False
10.0.0.52,,10.0.0.0/24,False
10.0.0.53,,10.0.0.0/24,False
10.0.0.54,,10.0.0.0/24,False
10.0.0.55,,10.0.0.0/24,False
10.0.0.56,,10.0.0.0/24,False
10.0.0.57,,10.0.0.0/24,False
10.0.0.58,,10.0.0.0/24,False
10.0.0.59,,10.0.0.0/24,False
10.0.0.60,,10.0.0.0/24,False
10.0.0.61,,10.0.0.0/24,False
10.0.0.62,,10.0.0.0/24,False
10.0.0.63,,10.0.0.0/24,False
10.0.0.64,,10.0.0.0/24,False
10.0.0.65,,10.0.0.0/24,False
10.0.0.66,,10.0.0.0/24,False
10.0.0.67,,10.0.0.0/24,False
10.0.0.68,,10.0.0.0/24,False
10.0.0.69,,10.0.0.0/24,False
10.0.0.70,,10.0.0.0/24,False
10.0.0.71,,10.0.0.0/24,False
10.0.0.72,,10.0.0.0/24,False
10.0.0.73,,10.0.0.0/24,False
10.0.0.74,,10.0.0.0/24,False
10.0.0.75,,10.0.0.0/24,False
10.0.0.76,,10.0.0.0/24,False
10.0.0.77,,10.0.0.0/24,False
10.0.0.78,,10.0.0.0/24,False
10.0.0.79,,10.0.0.0/24,False
10.0.0.80,,10.0.0.0/24,False
10.0.0.81,,10.0.0.0/24,False
10.0.0.82,,10.0.0.0/24,False
10.0.0.83,,10.0.0.0/24,False
10.0.0.84,,10.0.0.0/24,False
10.0.0.85,,10.0.0.0/24,False
10.0.0.86,,10.0.0.0/24,False
10.0.0.87,,10.0.0.0/24,False
10.0.0.88,,10.0.0.0/24,False
10.0.0.89,,10.0.0.0/24,False
10.0.0.90,,10.0.0.0/24,False
10.0.0.91,,10.0.0.0/24,False
10.0.0.92,,10.0.0.0/24,False
10.0.0.93,,10.0.0.0/24,False
10.0.0.94,,10.0.0.0/24,False
10.0.0.95,,10.0.0.0/24,False
10.0.0.96,,10.0.0.0/24,False
10.0.0.97,,10.0.0.0/24,False
10.0.0.98,,10.0.0.0/24,False
10.0.0.99,,10.0.0.0/24,False
10.0.0.100,,10.0.0.0/24,False
10.0.0.101,,10.0.0.0/24,False
10.0.0.102,,10.0.0.0/24,False
10.0.0.103,,10.0.0.0/24,False
10.0.0.104,,10.0.0.0/24,False
10.0.0.105,,10.0.0.0/24,False
10.0.0.106,,10.0.0.0/24,False
10.0.0.107,,10.0.0.0/24,False
10.0.0.108,,10.0.0.0/24,False
10.0.0.109,,10.0.0.0/24,False
10.0.0.110,,10.0.0.0/24,False
10.0.0.111,,10.0.0.0/24,False
10.0.0.112,,10.0.0.0/24,False
10.0.0.113,,10.0.0.0/24,False
10.0.0.114,,10.0.0.0/24,False
10.0.0.115,,10.0.0.0/24,False
10.0.0.116,,10.0.0.0/24,False
10.0.0.117,,10.0.0.0/24,False
10.0.0.118,,10.0.0.0/24,False
10.0.0.119,,10.0.0.0/24,False
10.0.0.120,,10.0.0.0/24,False
10.0.0.121,,10.0.0.0/24,False
10.0.0.122,,10.0.0.0/24,False
10.0.0.123,,10.0.0.0/24,False
10.0.0.124,,10.0.0.0/24,False
10.0.0.125,,10.0.0.0/24,False
10.0.0.126,,10.0.0.0/24,False
10.0.0.127,,10.0.0.0/24,False
10.0.0.128,,10.0.0.0/24,False
10.0.0.129,,10.0.0.0/24,False
10.0.0.130,,10.0.0.0/24,False
10.0.0.131,,10.0.0.0/24,False
10.0.0.132,,10.0.0.0/24,False
10.0.0.133,,10.0.0.0/24,False
10.0.0.134,,10.0.0.0/24,False
10.0.0.135,,10.0.0.0/24,False
10.0.0.136,,10.0.0.0/24,False
10.0.0.137,,10.0.0.0/24,False
10.0.0.138,,10.0.0.0/24,False
10.0.0.139,,10.0.0.0/24,False
10.0.0.140,,10.0.0.0/24,False
10.0.0.141,,10.0.0.0/24,False
10.0.0.142,,10.0.0.0/24,False
10.0.0.143,,10.0.0.0/24,False
10.0.0.144,,10.0.0.0/24,False
10.0.0.145,,10.0.0.0/24,False
10.0.0.146,,10.0.0.0/24,False
10.0.0.147,,10.0.0.0/24,False
10.0.0.148,,10.0.0.0/24,False
10.0.0.149,,10.0.0.0/24,False
10.0.0.150,,10.0.0.0/24,False
10.0.0.151,DHCP address,10.0.0.0/24,False
10.0.0.152,DHCP address,10.0.0.0/24,False
10.0.0.153,DHCP address,10.0.0.0/24,False
10.0.0.154,DHCP address,10.0.0.0/24,False
10.0.0.155,DHCP address,10.0.0.0/24,False
10.0.0.156,DHCP address,10.0.0.0/24,False
10.0.0.157,DHCP address,10.0.0.0/24,False
10.0.0.158,DHCP address,10.0.0.0/24,False
10.0.0.159,DHCP address,10.0.0.0/24,False
10.0.0.160,DHCP address,10.0.0.0/24,False
10.0.0.161,DHCP address,10.0.0.0/24,False
10.0.0.162,DHCP address,10.0.0.0/24,False
10.0.0.163,DHCP address,10.0.0.0/24,False
10.0.0.164,DHCP address,10.0.0.0/24,False
10.0.0.165,DHCP address,10.0.0.0/24,False
10.0.0.166,DHCP address,10.0.0.0/24,False
10.0.0.167,DHCP address,10.0.0.0/24,False
10.0.0.168,DHCP address,10.0.0.0/24,False
10.0.0.169,DHCP address,10.0.0.0/24,False
10.0.0.170,DHCP address,10.0.0.0/24,False
10.0.0.171,DHCP address,10.0.0.0/24,False
10.0.0.172,DHCP address,10.0.0.0/24,False
10.0.0.173,DHCP address,10.0.0.0/24,False
10.0.0.174,DHCP address,10.0.0.0/24,False
10.0.0.175,DHCP address,10.0.0.0/24,False
10.0.0.176,DHCP address,10.0.0.0/24,False
10.0.0.177,DHCP address,10.0.0.0/24,False
10.0.0.178,DHCP address,10.0.0.0/24,False
10.0.0.179,DHCP address,10.0.0.0/24,False
10.0.0.180,DHCP address,10.0.0.0/24,False
10.0.0.181,DHCP address,10.0.0.0/24,False
10.0.0.182,DHCP address,10.0.0.0/24,False
10.0.0.183,DHCP address,10.0.0.0/24,False
10.0.0.184,DHCP address,10.0.0.0/24,False
10.0.0.185,DHCP address,10.0.0.0/24,False
10.0.0.186,DHCP address,10.0.0.0/24,False
10.0.0.187,DHCP address,10.0.0.0/24,False
10.0.0.188,DHCP address,10.0.0.0/24,False
10.0.0.189,DHCP address,10.0.0.0/24,False
10.0.0.190,DHCP address,10.0.0.0/24,False
10.0.0.191,DHCP address,10.0.0.0/24,False
10.0.0.192,DHCP address,10.0.0.0/24,False
10.0.0.193,DHCP address,10.0.0.0/24,False
10.0.0.194,DHCP address,10.0.0.0/24,False
10.0.0.195,DHCP address,10.0.0.0/24,False
10.0.0.196,DHCP address,10.0.0.0/24,False
10.0.0.197,DHCP address,10.0.0.0/24,False
10.0.0.198,DHCP address,10.0.0.0/24,False
10.0.0.199,DHCP address,10.0.0.0/24,False
10.0.0.200,DHCP address,10.0.0.0/24,False
10.0.0.201,DHCP address,10.0.0.0/24,False
10.0.0.202,DHCP address,10.0.0.0/24,False
10.0.0.203,DHCP address,10.0.0.0/24,False
10.0.0.204,DHCP address,10.0.0.0/24,False
10.0.0.205,DHCP address,10.0.0.0/24,False
10.0.0.206,DHCP address,10.0.0.0/24,False
10.0.0.207,DHCP address,10.0.0.0/24,False
10.0.0.208,DHCP address,10.0.0.0/24,False
10.0.0.209,DHCP address,10.0.0.0/24,False
10.0.0.210,DHCP address,10.0.0.0/24,False
10.0.0.211,DHCP address,10.0.0.0/24,False
10.0.0.212,DHCP address,10.0.0.0/24,False
10.0.0.213,DHCP address,10.0.0.0/24,False
10.0.0.214,DHCP address,10.0.0.0/24,False
10.0.0.215,DHCP address,10.0.0.0/24,False
10.0.0.216,DHCP address,10.0.0.0/24,False
10.0.0.217,DHCP address,10.0.0.0/24,False
10.0.0.218,DHCP address,10.0.0.0/24,False
10.0.0.219,DHCP address,10.0.0.0/24,False
10.0.0.220,DHCP address,10.0.0.0/24,False
10.0.0.221,DHCP address,10.0.0.0/24,False
10.0.0.222,DHCP address,10.0.0.0/24,False
10.0.0.223,DHCP address,10.0.0.0/24,False
10.0.0.224,DHCP address,10.0.0.0/24,False
10.0.0.225,DHCP address,10.0.0.0/24,False
10.0.0.226,DHCP address,10.0.0.0/24,False
10.0.0.227,DHCP address,10.0.0.0/24,False
10.0.0.228,DHCP address,10.0.0.0/24,False
10.0.0.229,DHCP address,10.0.0.0/24,False
10.0.0.230,DHCP address,10.0.0.0/24,False
10.0.0.231,DHCP address,10.0.0.0/24,False
10.0.0.232,DHCP address,10.0.0.0/24,False
10.0.0.233,DHCP address,10.0.0.0/24,False
10.0.0.234,DHCP address,10.0.0.0/24,False
10.0.0.235,DHCP address,10.0.0.0/24,False
10.0.0.236,DHCP address,10.0.0.0/24,False
10.0.0.237,DHCP address,10.0.0.0/24,False
10.0.0.238,DHCP address,10.0.0.0/24,False
10.0.0.239,DHCP address,10.0.0.0/24,False
10.0.0.240,DHCP address,10.0.0.0/24,False
10.0.0.241,DHCP address,10.0.0.0/24,False
10.0.0.242,DHCP address,10.0.0.0/24,False
10.0.0.243,DHCP address,10.0.0.0/24,False
10.0.0.244,DHCP address,10.0.0.0/24,False
10.0.0.245,DHCP address,10.0.0.0/24,False
10.0.0.246,DHCP address,10.0.0.0/24,False
10.0.0.247,DHCP address,10.0.0.0/24,False
10.0.0.248,DHCP address,10.0.0.0/24,False
10.0.0.249,DHCP address,10.0.0.0/24,False
10.0.0.250,DHCP address,10.0.0.0/24,False
10.0.0.251,,10.0.0.0/24,False
10.0.0.252,,10.0.0.0/24,False
10.0.0.253,,10.0.0.0/24,False
10.0.0.254,,10.0.0.0/24,False
10.0.0.255,,10.0.0.0/24,False
10.10.100.0,,10.10.100.0/24,False
10.10.100.1,,10.10.100.0/24,False
10.10.100.2,,10.10.100.0/24,False
10.10.100.3,,10.10.100.0/24,False
10.10.100.4,,10.10.100.0/24,False
10.10.100.5,,10.10.100.0/24,False
10.10.100.6,,10.10.100.0/24,False
10.10.100.7,,10.10.100.0/24,False
10.10.100.8,,10.10.100.0/24,False
10.10.100.9,,10.10.100.0/24,False
10.10.100.10,,10.10.100.0/24,False
10.10.100.11,,10.10.100.0/24,False
10.10.100.12,,10.10.100.0/24,False
10.10.100.13,,10.10.100.0/24,False
10.10.100.14,,10.10.100.0/24,False
10.10.100.15,,10.10.100.0/24,False
10.10.100.16,,10.10.100.0/24,False
10.10.100.17,,10.10.100.0/24,False
10.10.100.18,,10.10.100.0/24,False
10.10.100.19,,10.10.100.0/24,False
10.10.100.20,,10.10.100.0/24,False
10.10.100.21,,10.10.100.0/24,False
10.10.100.22,,10.10.100.0/24,False
10.10.100.23,,10.10.100.0/24,False
10.10.100.24,,10.10.100.0/24,False
10.10.100.25,,10.10.100.0/24,False
10.10.100.26,,10.10.100.0/24,False
10.10.100.27,,10.10.100.0/24,False
10.10.100.28,,10.10.100.0/24,False
10.10.100.29,,10.10.100.0/24,False
10.10.100.30,,10.10.100.0/24,False
10.10.100.31,,10.10.100.0/24,False
10.10.100.32,,10.10.100.0/24,False
10.10.100.33,,10.10.100.0/24,False
10.10.100.34,,10.10.100.0/24,False
10.10.100.35,,10.10.100.0/24,False
10.10.100.36,,10.10.100.0/24,False
10.10.100.37,,10.10.100.0/24,False
10.10.100.38,,10.10.100.0/24,False
10.10.100.39,,10.10.100.0/24,False
10.10.100.40,,10.10.100.0/24,False
10.10.100.41,,10.10.100.0/24,False
10.10.100.42,,10.10.100.0/24,False
10.10.100.43,,10.10.100.0/24,False
10.10.100.44,,10.10.100.0/24,False
10.10.100.45,,10.10.100.0/24,False
10.10.100.46,,10.10.100.0/24,False
10.10.100.47,,10.10.100.0/24,False
10.10.100.48,,10.10.100.0/24,False
10.10.100.49,,10.10.100.0/24,False
10.10.100.50,,10.10.100.0/24,False
10.10.100.51,,10.10.100.0/24,False
10.10.100.52,,10.10.100.0/24,False
10.10.100.53,,10.10.100.0/24,False
10.10.100.54,,10.10.100.0/24,False
10.10.100.55,,10.10.100.0/24,False
10.10.100.56,,10.10.100.0/24,False
10.10.100.57,,10.10.100.0/24,False
10.10.100.58,,10.10.100.0/24,False
10.10.100.59,,10.10.100.0/24,False
10.10.100.60,,10.10.100.0/24,False
10.10.100.61,,10.10.100.0/24,False
10.10.100.62,,10.10.100.0/24,False
10.10.100.63,,10.10.100.0/24,False
10.10.100.64,,10.10.100.0/24,False
10.10.100.65,,10.10.100.0/24,False
10.10.100.66,,10.10.100.0/24,False
10.10.100.67,,10.10.100.0/24,False
10.10.100.68,,10.10.100.0/24,False
10.10.100.69,,10.10.100.0/24,False
10.10.100.70,,10.10.100.0/24,False
10.10.100.71,,10.10.100.0/24,False
10.10.100.72,,10.10.100.0/24,False
10.10.100.73,,10.10.100.0/24,False
10.10.100.74,,10.10.100.0/24,False
10.10.100.75,,10.10.100.0/24,False
10.10.100.76,,10.10.100.0/24,False
10.10.100.77,,10.10.100.0/24,False
10.10.100.78,,10.10.100.0/24,False
10.10.100.79,,10.10.100.0/24,False
10.10.100.80,,10.10.100.0/24,False
10.10.100.81,,10.10.100.0/24,False
10.10.100.82,,10.10.100.0/24,False
10.10.100.83,,10.10.100.0/24,False
10.10.100.84,,10.10.100.0/24,False
10.10.100.85,,10.10.100.0/24,False
10.10.100.86,,10.10.100.0/24,False
10.10.100.87,,10.10.100.0/24,False
10.10.100.88,,10.10.100.0/24,False
10.10.100.89,,10.10.100.0/24,False
10.10.100.90,,10.10.100.0/24,False
10.10.100.91,,10.10.100.0/24,False
10.10.100.92,,10.10.100.0/24,False
10.10.100.93,,10.10.100.0/24,False
10.10.100.94,,10.10.100.0/24,False
10.10.100.95,,10.10.100.0/24,False
10.10.100.96,,10.10.100.0/24,False
10.10.100.97,,10.10.100.0/24,False
10.10.100.98,,10.10.100.0/24,False
10.10.100.99,,10.10.100.0/24,False
10.10.100.100,,10.10.100.0/24,False
10.10.100.101,,10.10.100.0/24,False
10.10.100.102,,10.10.100.0/24,False
10.10.100.103,,10.10.100.0/24,False
10.10.100.104,,10.10.100.0/24,False
10.10.100.105,,10.10.100.0/24,False
10.10.100.106,,10.10.100.0/24,False
10.10.100.107,,10.10.100.0/24,False
10.10.100.108,,10.10.100.0/24,False
10.10.100.109,,10.10.100.0/24,False
10.10.100.110,,10.10.100.0/24,False
10.10.100.111,,10.10.100.0/24,False
10.10.100.112,,10.10.100.0/24,False
10.10.100.113,,10.10.100.0/24,False
10.10.100.114,,10.10.100.0/24,False
10.10.100.115,,10.10.100.0/24,False
10.10.100.116,,10.10.100.0/24,False
10.10.100.117,,10.10.100.0/24,False
10.10.100.118,,10.10.100.0/24,False
10.10.100.119,,10.10.100.0/24,False
10.10.100.120,,10.10.100.0/24,False
10.10.100.121,,10.10.100.0/24,False
10.10.100.122,,10.10.100.0/24,False
10.10.100.123,,10.10.100.0/24,False
10.10.100.124,,10.10.100.0/24,False
10.10.100.125,,10.10.100.0/24,False
10.10.100.126,,10.10.100.0/24,False
10.10.100.127,,10.10.100.0/24,False
10.10.100.128,,10.10.100.0/24,False
10.10.100.129,,10.10.100.0/24,False
10.10.100.130,,10.10.100.0/24,False
10.10.100.131,,10.10.100.0/24,False
10.10.100.132,,10.10.100.0/24,False
10.10.100.133,,10.10.100.0/24,False
10.10.100.134,,10.10.100.0/24,False
10.10.100.135,,10.10.100.0/24,False
10.10.100.136,,10.10.100.0/24,False
10.10.100.137,,10.10.100.0/24,False
10.10.100.138,,10.10.100.0/24,False
10.10.100.139,,10.10.100.0/24,False
10.10.100.140,,10.10.100.0/24,False
10.10.100.141,,10.10.100.0/24,False
10.10.100.142,,10.10.100.0/24,False
10.10.100.143,,10.10.100.0/24,False
10.10.100.144,,10.10.100.0/24,False
10.10.100.145,,10.10.100.0/24,False
10.10.100.146,,10.10.100.0/24,False
10.10.100.147,,10.10.100.0/24,False
10.10.100.148,,10.10.100.0/24,False
10.10.100.149,,10.10.100.0/24,False
10.10.100.150,,10.10.100.0/24,False
10.10.100.151,,10.10.100.0/24,False
10.10.100.152,,10.10.100.0/24,False
10.10.100.153,,10.10.100.0/24,False
10.10.100.154,,10.10.100.0/24,False
10.10.100.155,,10.10.100.0/24,False
10.10.100.156,,10.10.100.0/24,False
10.10.100.157,,10.10.100.0/24,False
10.10.100.158,,10.10.100.0/24,False
10.10.100.159,,10.10.100.0/24,False
10.10.100.160,,10.10.100.0/24,False
10.10.100.161,,10.10.100.0/24,False
10.10.100.162,,10.10.100.0/24,False
10.10.100.163,,10.10.100.0/24,False
10.10.100.164,,10.10.100.0/24,False
10.10.100.165,,10.10.100.0/24,False
10.10.100.166,,10.10.100.0/24,False
10.10.100.167,,10.10.100.0/24,False
10.10.100.168,,10.10.100.0/24,False
10.10.100.169,,10.10.100.0/24,False
10.10.100.170,,10.10.100.0/24,False
10.10.100.171,,10.10.100.0/24,False
10.10.100.172,,10.10.100.0/24,False
10.10.100.173,,10.10.100.0/24,False
10.10.100.174,,10.10.100.0/24,False
10.10.100.175,,10.10.100.0/24,False
10.10.100.176,,10.10.100.0/24,False
10.10.100.177,,10.10.100.0/24,False
10.10.100.178,,10.10.100.0/24,False
10.10.100.179,,10.10.100.0/24,False
10.10.100.180,,10.10.100.0/24,False
10.10.100.181,,10.10.100.0/24,False
10.10.100.182,,10.10.100.0/24,False
10.10.100.183,,10.10.100.0/24,False
10.10.100.184,,10.10.100.0/24,False
10.10.100.185,,10.10.100.0/24,False
10.10.100.186,,10.10.100.0/24,False
10.10.100.187,,10.10.100.0/24,False
10.10.100.188,,10.10.100.0/24,False
10.10.100.189,,10.10.100.0/24,False
10.10.100.190,,10.10.100.0/24,False
10.10.100.191,,10.10.100.0/24,False
10.10.100.192,,10.10.100.0/24,False
10.10.100.193,,10.10.100.0/24,False
10.10.100.194,,10.10.100.0/24,False
10.10.100.195,,10.10.100.0/24,False
10.10.100.196,,10.10.100.0/24,False
10.10.100.197,,10.10.100.0/24,False
10.10.100.198,,10.10.100.0/24,False
10.10.100.199,,10.10.100.0/24,False
10.10.100.200,,10.10.100.0/24,False
10.10.100.201,,10.10.100.0/24,False
10.10.100.202,,10.10.100.0/24,False
10.10.100.203,,10.10.100.0/24,False
10.10.100.204,,10.10.100.0/24,False
10.10.100.205,,10.10.100.0/24,False
10.10.100.206,,10.10.100.0/24,False
10.10.100.207,,10.10.100.0/24,False
10.10.100.208,,10.10.100.0/24,False
10.10.100.209,,10.10.100.0/24,False
10.10.100.210,,10.10.100.0/24,False
10.10.100.211,,10.10.100.0/24,False
10.10.100.212,,10.10.100.0/24,False
10.10.100.213,,10.10.100.0/24,False
10.10.100.214,,10.10.100.0/24,False
10.10.100.215,,10.10.100.0/24,False
10.10.100.216,,10.10.100.0/24,False
10.10.100.217,,10.10.100.0/24,False
10.10.100.218,,10.10.100.0/24,False
10.10.100.219,,10.10.100.0/24,False
10.10.100.220,,10.10.100.0/24,False
10.10.100.221,,10.10.100.0/24,False
10.10.100.222,,10.10.100.0/24,False
10.10.100.223,,10.10.100.0/24,False
10.10.100.224,,10.10.100.0/24,False
10.10.100.225,,10.10.100.0/24,False
10.10.100.226,,10.10.100.0/24,False
10.10.100.227,,10.10.100.0/24,False
10.10.100.228,,10.10.100.0/24,False
10.10.100.229,,10.10.100.0/24,False
10.10.100.230,,10.10.100.0/24,False
10.10.100.231,,10.10.100.0/24,False
10.10.100.232,,10.10.100.0/24,False
10.10.100.233,,10.10.100.0/24,False
10.10.100.234,,10.10.100.0/24,False
10.10.100.235,,10.10.100.0/24,False
10.10.100.236,,10.10.100.0/24,False
10.10.100.237,,10.10.100.0/24,False
10.10.100.238,,10.10.100.0/24,False
10.10.100.239,,10.10.100.0/24,False
10.10.100.240,,10.10.100.0/24,False
10.10.100.241,,10.10.100.0/24,False
10.10.100.242,,10.10.100.0/24,False
10.10.100.243,,10.10.100.0/24,False
10.10.100.244,,10.10.100.0/24,False
10.10.100.245,,10.10.100.0/24,False
10.10.100.246,,10.10.100.0/24,False
10.10.100.247,,10.10.100.0/24,False
10.10.100.248,,10.10.100.0/24,False
10.10.100.249,,10.10.100.0/24,False
10.10.100.250,,10.10.100.0/24,False
10.10.100.251,,10.10.100.0/24,False
10.10.100.252,,10.10.100.0/24,False
10.10.100.253,,10.10.100.0/24,False
10.10.100.254,,10.10.100.0/24,False
10.10.100.255,,10.10.100.0/24,False
10.20.0.0,,10.20.0.0/24,False
10.20.0.1,,10.20.0.0/24,False
10.20.0.2,,10.20.0.0/24,False
10.20.0.3,,10.20.0.0/24,False
10.20.0.4,,10.20.0.0/24,False
10.20.0.5,,10.20.0.0/24,False
10.20.0.6,,10.20.0.0/24,False
10.20.0.7,,10.20.0.0/24,False
10.20.0.8,,10.20.0.0/24,False
10.20.0.9,,10.20.0.0/24,False
10.20.0.10,,10.20.0.0/24,False
10.20.0.11,,10.20.0.0/24,False
10.20.0.12,,10.20.0.0/24,False
10.20.0.13,,10.20.0.0/24,False
10.20.0.14,,10.20.0.0/24,False
10.20.0.15,,10.20.0.0/24,False
10.20.0.16,,10.20.0.0/24,False
10.20.0.17,,10.20.0.0/24,False
10.20.0.18,,10.20.0.0/24,False
10.20.0.19,,10.20.0.0/24,False
10.20.0.20,,10.20.0.0/24,False
10.20.0.21,,10.20.0.0/24,False
10.20.0.22,,10.20.0.0/24,False
10.20.0.23,,10.20.0.0/24,False
10.20.0.24,,10.20.0.0/24,False
10.20.0.25,,10.20.0.0/24,False
10.20.0.26,,10.20.0.0/24,False
10.20.0.27,,10.20.0.0/24,False
10.20.0.28,,10.20.0.0/24,False
10.20.0.29,,10.20.0.0/24,False
10.20.0.30,,10.20.0.0/24,False
10.20.0.31,,10.20.0.0/24,False
10.20.0.32,,10.20.0.0/24,False
10.20.0.33,,10.20.0.0/24,False
10.20.0.34,,10.20.0.0/24,False
10.20.0.35,,10.20.0.0/24,False
10.20.0.36,,10.20.0.0/24,False
10.20.0.37,,10.20.0.0/24,False
10.20.0.38,,10.20.0.0/24,False
10.20.0.39,,10.20.0.0/24,False
10.20.0.40,,10.20.0.0/24,False
10.20.0.41,,10.20.0.0/24,False
10.20.0.42,,10.20.0.0/24,False
10.20.0.43,,10.20.0.0/24,False
10.20.0.44,,10.20.0.0/24,False
10.20.0.45,,10.20.0.0/24,False
10.20.0.46,,10.20.0.0/24,False
10.20.0.47,,10.20.0.0/24,False
10.20.0.48,,10.20.0.0/24,False
10.20.0.49,,10.20.0.0/24,False
10.20.0.50,,10.20.0.0/24,False
10.20.0.51,,10.20.0.0/24,False
10.20.0.52,,10.20.0.0/24,False
10.20.0.53,,10.20.0.0/24,False
10.20.0.54,,10.20.0.0/24,False
10.20.0.55,,10.20.0.0/24,False
10.20.0.56,,10.20.0.0/24,False
10.20.0.57,,10.20.0.0/24,False
10.20.0.58,,10.20.0.0/24,False
10.20.0.59,,10.20.0.0/24,False
10.20.0.60,,10.20.0.0/24,False
10.20.0.61,,10.20.0.0/24,False
10.20.0.62,,10.20.0.0/24,False
10.20.0.63,,10.20.0.0/24,False
10.20.0.64,,10.20.0.0/24,False
10.20.0.65,,10.20.0.0/24,False
10.20.0.66,,10.20.0.0/24,False
10.20.0.67,,10.20.0.0/24,False
10.20.0.68,,10.20.0.0/24,False
10.20.0.69,,10.20.0.0/24,False
10.20.0.70,,10.20.0.0/24,False
10.20.0.71,,10.20.0.0/24,False
10.20.0.72,,10.20.0.0/24,False
10.20.0.73,,10.20.0.0/24,False
10.20.0.74,,10.20.0.0/24,False
10.20.0.75,,10.20.0.0/24,False
10.20.0.76,,10.20.0.0/24,False
10.20.0.77,,10.20.0.0/24,False
10.20.0.78,,10.20.0.0/24,False
10.20.0.79,,10.20.0.0/24,False
10.20.0.80,,10.20.0.0/24,False
10.20.0.81,,10.20.0.0/24,False
10.20.0.82,,10.20.0.0/24,False
10.20.0.83,,10.20.0.0/24,False
10.20.0.84,,10.20.0.0/24,False
10.20.0.85,,10.20.0.0/24,False
10.20.0.86,,10.20.0.0/24,False
10.20.0.87,,10.20.0.0/24,False
10.20.0.88,,10.20.0.0/24,False
10.20.0.89,,10.20.0.0/24,False
10.20.0.90,,10.20.0.0/24,False
10.20.0.91,,10.20.0.0/24,False
10.20.0.92,,10.20.0.0/24,False
10.20.0.93,,10.20.0.0/24,False
10.20.0.94,,10.20.0.0/24,False
10.20.0.95,,10.20.0.0/24,False
10.20.0.96,,10.20.0.0/24,False
10.20.0.97,,10.20.0.0/24,False
10.20.0.98,,10.20.0.0/24,False
10.20.0.99,,10.20.0.0/24,False
10.20.0.100,,10.20.0.0/24,False
10.20.0.101,,10.20.0.0/24,False
10.20.0.102,,10.20.0.0/24,False
10.20.0.103,,10.20.0.0/24,False
10.20.0.104,,10.20.0.0/24,False
10.20.0.105,,10.20.0.0/24,False
10.20.0.106,,10.20.0.0/24,False
10.20.0.107,,10.20.0.0/24,False
10.20.0.108,,10.20.0.0/24,False
10.20.0.109,,10.20.0.0/24,False
10.20.0.110,,10.20.0.0/24,False
10.20.0.111,,10.20.0.0/24,False
10.20.0.112,,10.20.0.0/24,False
10.20.0.113,,10.20.0.0/24,False
10.20.0.114,,10.20.0.0/24,False
10.20.0.115,,10.20.0.0/24,False
10.20.0.116,,10.20.0.0/24,False
10.20.0.117,,10.20.0.0/24,False
10.20.0.118,,10.20.0.0/24,False
10.20.0.119,,10.20.0.0/24,False
10.20.0.120,,10.20.0.0/24,False
10.20.0.121,,10.20.0.0/24,False
10.20.0.122,,10.20.0.0/24,False
10.20.0.123,,10.20.0.0/24,False
10.20.0.124,,10.20.0.0/24,False
10.20.0.125,,10.20.0.0/24,False
10.20.0.126,,10.20.0.0/24,False
10.20.0.127,,10.20.0.0/24,False
10.20.0.128,,10.20.0.0/24,False
10.20.0.129,,10.20.0.0/24,False
10.20.0.130,,10.20.0.0/24,False
10.20.0.131,,10.20.0.0/24,False
10.20.0.132,,10.20.0.0/24,False
10.20.0.133,,10.20.0.0/24,False
10.20.0.134,,10.20.0.0/24,False
10.20.0.135,,10.20.0.0/24,False
10.20.0.136,,10.20.0.0/24,False
10.20.0.137,,10.20.0.0/24,False
10.20.0.138,,10.20.0.0/24,False
10.20.0.139,,10.20.0.0/24,False
10.20.0.140,,10.20.0.0/24,False
10.20.0.141,,10.20.0.0/24,False
10.20.0.142,,10.20.0.0/24,False
10.20.0.143,,10.20.0.0/24,False
10.20.0.144,,10.20.0.0/24,False
10.20.0.145,,10.20.0.0/24,False
10.20.0.146,,10.20.0.0/24,False
10.20.0.147,,10.20.0.0/24,False
10.20.0.148,,10.20.0.0/24,False
10.20.0.149,,10.20.0.0/24,False
10.20.0.150,,10.20.0.0/24,False
10.20.0.151,,10.20.0.0/24,False
10.20.0.152,,10.20.0.0/24,False
10.20.0.153,,10.20.0.0/24,False
10.20.0.154,,10.20.0.0/24,False
10.20.0.155,,10.20.0.0/24,False
10.20.0.156,,10.20.0.0/24,False
10.20.0.157,,10.20.0.0/24,False
10.20.0.158,,10.20.0.0/24,False
10.20.0.159,,10.20.0.0/24,False
10.20.0.160,,10.20.0.0/24,False
10.20.0.161,,10.20.0.0/24,False
10.20.0.162,,10.20.0.0/24,False
10.20.0.163,,10.20.0.0/24,False
10.20.0.164,,10.20.0.0/24,False
10.20.0.165,,10.20.0.0/24,False
10.20.0.166,,10.20.0.0/24,False
10.20.0.167,,10.20.0.0/24,False
10.20.0.168,,10.20.0.0/24,False
10.20.0.169,,10.20.0.0/24,False
10.20.0.170,,10.20.0.0/24,False
10.20.0.171,,10.20.0.0/24,False
10.20.0.172,,10.20.0.0/24,False
10.20.0.173,,10.20.0.0/24,False
10.20.0.174,,10.20.0.0/24,False
10.20.0.175,,10.20.0.0/24,False
10.20.0.176,,10.20.0.0/24,False
10.20.0.177,,10.20.0.0/24,False
10.20.0.178,,10.20.0.0/24,False
10.20.0.179,,10.20.0.0/24,False
10.20.0.180,,10.20.0.0/24,False
10.20.0.181,,10.20.0.0/24,False
10.20.0.182,,10.20.0.0/24,False
10.20.0.183,,10.20.0.0/24,False
10.20.0.184,,10.20.0.0/24,False
10.20.0.185,,10.20.0.0/24,False
10.20.0.186,,10.20.0.0/24,False
10.20.0.187,,10.20.0.0/24,False
10.20.0.188,,10.20.0.0/24,False
10.20.0.189,,10.20.0.0/24,False
10.20.0.190,,10.20.0.0/24,False
10.20.0.191,,10.20.0.0/24,False
10.20.0.192,,10.20.0.0/24,False
10.20.0.193,,10.20.0.0/24,False
10.20.0.194,,10.20.0.0/24,False
10.20.0.195,,10.20.0.0/24,False
10.20.0.196,,10.20.0.0/24,False
10.20.0.197,,10.20.0.0/24,False
10.20.0.198,,10.20.0.0/24,False
10.20.0.199,,10.20.0.0/24,False
10.20.0.200,,10.20.0.0/24,False
10.20.0.201,,10.20.0.0/24,False
10.20.0.202,,10.20.0.0/24,False
10.20.0.203,,10.20.0.0/24,False
10.20.0.204,,10.20.0.0/24,False
10.20.0.205,,10.20.0.0/24,False
10.20.0.206,,10.20.0.0/24,False
10.20.0.207,,10.20.0.0/24,False
10.20.0.208,,10.20.0.0/24,False
10.20.0.209,,10.20.0.0/24,False
10.20.0.210,,10.20.0.0/24,False
10.20.0.211,,10.20.0.0/24,False
10.20.0.212,,10.20.0.0/24,False
10.20.0.213,,10.20.0.0/24,False
10.20.0.214,,10.20.0.0/24,False
10.20.0.215,,10.20.0.0/24,False
10.20.0.216,,10.20.0.0/24,False
10.20.0.217,,10.20.0.0/24,False
10.20.0.218,,10.20.0.0/24,False
10.20.0.219,,10.20.0.0/24,False
10.20.0.220,,10.20.0.0/24,False
10.20.0.221,,10.20.0.0/24,False
10.20.0.222,,10.20.0.0/24,False
10.20.0.223,,10.20.0.0/24,False
10.20.0.224,,10.20.0.0/24,False
10.20.0.225,,10.20.0.0/24,False
10.20.0.226,,10.20.0.0/24,False
10.20.0.227,,10.20.0.0/24,False
10.20.0.228,,10.20.0.0/24,False
10.20.0.229,,10.20.0.0/24,False
10.20.0.230,,10.20.0.0/24,False
10.20.0.231,,10.20.0.0/24,False
10.20.0.232,,10.20.0.0/24,False
10.20.0.233,,10.20.0.0/24,False
10.20.0.234,,10.20.0.0/24,False
10.20.0.235,,10.20.0.0/24,False
10.20.0.236,,10.20.0.0/24,False
10.20.0.237,,10.20.0.0/24,False
10.20.0.238,,10.20.0.0/24,False
10.20.0.239,,10.20.0.0/24,False
10.20.0.240,,10.20.0.0/24,False
10.20.0.241,,10.20.0.0/24,False
10.20.0.242,,10.20.0.0/24,False
10.20.0.243,,10.20.0.0/24,False
10.20.0.244,,10.20.0.0/24,False
10.20.0.245,,10.20.0.0/24,False
10.20.0.246,,10.20.0.0/24,False
10.20.0.247,,10.20.0.0/24,False
10.20.0.248,,10.20.0.0/24,False
10.20.0.249,,10.20.0.0/24,False
10.20.0.250,,10.20.0.0/24,False
10.20.0.251,,10.20.0.0/24,False
10.20.0.252,,10.20.0.0/24,False
10.20.0.253,,10.20.0.0/24,False
10.20.0.254,,10.20.0.0/24,False
10.20.0.255,,10.20.0.0/24,False
